Workbook

Sheet equipment
A1: Zenless Zone Zero - Drive Disk Overview
A2: last update: | B2: 2025-02-03
A3: data source: | B3: https://www.prydwen.gg/
A4: generator: | B4: https://github.com/Iluntrin/hoyo-equipment-overview
A28: Astral Voice (8)
A29: substats | B29: priority | C29: ATK% | D29: ATK | E29: PEN | F29: CRIT Rate | G29: CRIT DMG | H29: Anomaly Proficiency
A30: combined | C30: =IF(SUM(I31:I38)=0,0,SUM(C31:C38)/SUM(I31:I38)) | D30: =IF(SUM(I31:I38)=0,0,SUM(D31:D38)/SUM(I31:I38)) | E30: =IF(SUM(I31:I38)=0,0,SUM(E31:E38)/SUM(I31:I38)) | F30: =IF(SUM(I31:I38)=0,0,SUM(F31:F38)/SUM(I31:I38)) | G30: =IF(SUM(I31:I38)=0,0,SUM(G31:G38)/SUM(I31:I38)) | H30: =IF(SUM(I31:I38)=0,0,SUM(H31:H38)/SUM(I31:I38))
A31: Astra Yao | B31: 0 | C31: =IF(I31=1,1.0,0) | D31: =IF(I31=1,0.9,0) | E31: =IF(I31=1,0.7,0) | F31: =IF(I31=1,0.8,0) | G31: =IF(I31=1,0.8,0) | H31: =IF(I31=1,0.8,0) | I31: =IF(OR(LOOKUP(A31,characters!A:A,characters!B:B)=-1, LOOKUP(A31,characters!A:A,characters!B:B)+0.1>=B31),1,0)
A32: Lucy | B32: 0 | C32: =IF(I32=1,1.0,0) | D32: =IF(I32=1,0.9,0) | E32: =IF(I32=1,0.9,0) | F32: =IF(I32=1,1.0,0) | G32: =IF(I32=1,1.0,0) | I32: =IF(OR(LOOKUP(A32,characters!A:A,characters!B:B)=-1, LOOKUP(A32,characters!A:A,characters!B:B)+0.1>=B32),1,0)
A33: Nicole | B33: 0 | C33: =IF(I33=1,1.0,0) | D33: =IF(I33=1,0.9,0) | E33: =IF(I33=1,0.9,0) | H33: =IF(I33=1,1.0,0) | I33: =IF(OR(LOOKUP(A33,characters!A:A,characters!B:B)=-1, LOOKUP(A33,characters!A:A,characters!B:B)+0.1>=B33),1,0)
A34: Rina | B34: 0 | C34: =IF(I34=1,0.9,0) | D34: =IF(I34=1,0.8,0) | E34: =IF(I34=1,0.8,0) | H34: =IF(I34=1,1.0,0) | I34: =IF(OR(LOOKUP(A34,characters!A:A,characters!B:B)=-1, LOOKUP(A34,characters!A:A,characters!B:B)+0.1>=B34),1,0)
A35: Seth | B35: 0 | C35: =IF(I35=1,1.0,0) | D35: =IF(I35=1,0.8,0) | E35: =IF(I35=1,0.7,0) | H35: =IF(I35=1,0.9,0) | I35: =IF(OR(LOOKUP(A35,characters!A:A,characters!B:B)=-1, LOOKUP(A35,characters!A:A,characters!B:B)+0.1>=B35),1,0)
A36: Soukaku | B36: 0 | C36: =IF(I36=1,1.0,0) | D36: =IF(I36=1,0.9,0) | E36: =IF(I36=1,0.9,0) | F36: =IF(I36=1,1.0,0) | G36: =IF(I36=1,1.0,0) | I36: =IF(OR(LOOKUP(A36,characters!A:A,characters!B:B)=-1, LOOKUP(A36,characters!A:A,characters!B:B)+0.1>=B36),1,0)
A37: Harumasa | B37: 0.2 | C37: =IF(I37=1,1.0,0) | D37: =IF(I37=1,0.9,0) | E37: =IF(I37=1,0.9,0) | F37: =IF(I37=1,1.0,0) | G37: =IF(I37=1,1.0,0) | I37: =IF(OR(LOOKUP(A37,characters!A:A,characters!B:B)=-1, LOOKUP(A37,characters!A:A,characters!B:B)+0.1>=B37),1,0)
A38: Miyabi | B38: 0.2 | C38: =IF(I38=1,0.99,0) | D38: =IF(I38=1,0.89,0) | E38: =IF(I38=1,0.89,0) | F38: =IF(I38=1,1.0,0) | G38: =IF(I38=1,0.99,0) | H38: =IF(I38=1,0.89,0) | I38: =IF(OR(LOOKUP(A38,characters!A:A,characters!B:B)=-1, LOOKUP(A38,characters!A:A,characters!B:B)+0.1>=B38),1,0)
A40: Disk 4 (main stat) | B40: priority | C40: ATK% | D40: CRIT DMG | E40: CRIT Rate | F40: Anomaly Proficiency
A41: combined | C41: =IF(SUM(G42:G49)=0,0,SUM(C42:C49)/SUM(G42:G49)) | D41: =IF(SUM(G42:G49)=0,0,SUM(D42:D49)/SUM(G42:G49)) | E41: =IF(SUM(G42:G49)=0,0,SUM(E42:E49)/SUM(G42:G49)) | F41: =IF(SUM(G42:G49)=0,0,SUM(F42:F49)/SUM(G42:G49))
A42: Astra Yao | B42: 0 | C42: =IF(G42=1,1.0,0) | G42: =IF(OR(LOOKUP(A42,characters!A:A,characters!B:B)=-1, LOOKUP(A42,characters!A:A,characters!B:B)+0.1>=B42),1,0)
A43: Harumasa | B43: 0.2 | D43: =IF(G43=1,1.0,0) | E43: =IF(G43=1,0.99,0) | G43: =IF(OR(LOOKUP(A43,characters!A:A,characters!B:B)=-1, LOOKUP(A43,characters!A:A,characters!B:B)+0.1>=B43),1,0)
A44: Lucy | B44: 0 | C44: =IF(G44=1,1.0,0) | E44: =IF(G44=1,0.9,0) | G44: =IF(OR(LOOKUP(A44,characters!A:A,characters!B:B)=-1, LOOKUP(A44,characters!A:A,characters!B:B)+0.1>=B44),1,0)
A45: Miyabi | B45: 0.2 | C45: =IF(G45=1,0.99,0) | E45: =IF(G45=1,1.0,0) | G45: =IF(OR(LOOKUP(A45,characters!A:A,characters!B:B)=-1, LOOKUP(A45,characters!A:A,characters!B:B)+0.1>=B45),1,0)
A46: Nicole | B46: 0 | C46: =IF(G46=1,1.0,0) | F46: =IF(G46=1,1.0,0) | G46: =IF(OR(LOOKUP(A46,characters!A:A,characters!B:B)=-1, LOOKUP(A46,characters!A:A,characters!B:B)+0.1>=B46),1,0)
A47: Rina | B47: 0 | C47: =IF(G47=1,1.0,0) | F47: =IF(G47=1,1.0,0) | G47: =IF(OR(LOOKUP(A47,characters!A:A,characters!B:B)=-1, LOOKUP(A47,characters!A:A,characters!B:B)+0.1>=B47),1,0)
A48: Seth | B48: 0 | C48: =IF(G48=1,1.0,0) | F48: =IF(G48=1,0.99,0) | G48: =IF(OR(LOOKUP(A48,characters!A:A,characters!B:B)=-1, LOOKUP(A48,characters!A:A,characters!B:B)+0.1>=B48),1,0)
A49: Soukaku | B49: 0 | C49: =IF(G49=1,1.0,0) | E49: =IF(G49=1,0.9,0) | G49: =IF(OR(LOOKUP(A49,characters!A:A,characters!B:B)=-1, LOOKUP(A49,characters!A:A,characters!B:B)+0.1>=B49),1,0)
A51: Disk 5 (main stat) | B51: priority | C51: ATK% | D51: Electric DMG% | E51: Ice DMG% | F51: Ether DMG% | G51: PEN Ratio%
A52: combined | C52: =IF(SUM(H53:H60)=0,0,SUM(C53:C60)/SUM(H53:H60)) | D52: =IF(SUM(H53:H60)=0,0,SUM(D53:D60)/SUM(H53:H60)) | E52: =IF(SUM(H53:H60)=0,0,SUM(E53:E60)/SUM(H53:H60)) | F52: =IF(SUM(H53:H60)=0,0,SUM(F53:F60)/SUM(H53:H60)) | G52: =IF(SUM(H53:H60)=0,0,SUM(G53:G60)/SUM(H53:H60))
A53: Astra Yao | B53: 0 | C53: =IF(H53=1,1.0,0) | H53: =IF(OR(LOOKUP(A53,characters!A:A,characters!B:B)=-1, LOOKUP(A53,characters!A:A,characters!B:B)+0.1>=B53),1,0)
A54: Harumasa | B54: 0.2 | C54: =IF(H54=1,0.99,0) | D54: =IF(H54=1,1.0,0) | H54: =IF(OR(LOOKUP(A54,characters!A:A,characters!B:B)=-1, LOOKUP(A54,characters!A:A,characters!B:B)+0.1>=B54),1,0)
A55: Lucy | B55: 0 | C55: =IF(H55=1,1.0,0) | H55: =IF(OR(LOOKUP(A55,characters!A:A,characters!B:B)=-1, LOOKUP(A55,characters!A:A,characters!B:B)+0.1>=B55),1,0)
A56: Miyabi | B56: 0.2 | C56: =IF(H56=1,1.0,0) | E56: =IF(H56=1,1.0,0) | H56: =IF(OR(LOOKUP(A56,characters!A:A,characters!B:B)=-1, LOOKUP(A56,characters!A:A,characters!B:B)+0.1>=B56),1,0)
A57: Nicole | B57: 0 | C57: =IF(H57=1,0.9,0) | F57: =IF(H57=1,1.0,0) | H57: =IF(OR(LOOKUP(A57,characters!A:A,characters!B:B)=-1, LOOKUP(A57,characters!A:A,characters!B:B)+0.1>=B57),1,0)
A58: Rina | B58: 0 | G58: =IF(H58=1,1.0,0) | H58: =IF(OR(LOOKUP(A58,characters!A:A,characters!B:B)=-1, LOOKUP(A58,characters!A:A,characters!B:B)+0.1>=B58),1,0)
A59: Seth | B59: 0 | C59: =IF(H59=1,1.0,0) | D59: =IF(H59=1,0.99,0) | H59: =IF(OR(LOOKUP(A59,characters!A:A,characters!B:B)=-1, LOOKUP(A59,characters!A:A,characters!B:B)+0.1>=B59),1,0)
A60: Soukaku | B60: 0 | C60: =IF(H60=1,1.0,0) | E60: =IF(H60=1,0.9,0) | H60: =IF(OR(LOOKUP(A60,characters!A:A,characters!B:B)=-1, LOOKUP(A60,characters!A:A,characters!B:B)+0.1>=B60),1,0)
A62: Disk 6 (main stat) | B62: priority | C62: Energy Regen | D62: ATK% | E62: Anomaly Mastery
A63: combined | C63: =IF(SUM(F64:F71)=0,0,SUM(C64:C71)/SUM(F64:F71)) | D63: =IF(SUM(F64:F71)=0,0,SUM(D64:D71)/SUM(F64:F71)) | E63: =IF(SUM(F64:F71)=0,0,SUM(E64:E71)/SUM(F64:F71))
A64: Astra Yao | B64: 0 | C64: =IF(F64=1,1.0,0) | D64: =IF(F64=1,1.0,0) | F64: =IF(OR(LOOKUP(A64,characters!A:A,characters!B:B)=-1, LOOKUP(A64,characters!A:A,characters!B:B)+0.1>=B64),1,0)
A65: Harumasa | B65: 0.2 | D65: =IF(F65=1,1.0,0) | F65: =IF(OR(LOOKUP(A65,characters!A:A,characters!B:B)=-1, LOOKUP(A65,characters!A:A,characters!B:B)+0.1>=B65),1,0)
A66: Lucy | B66: 0 | C66: =IF(F66=1,1.0,0) | D66: =IF(F66=1,1.0,0) | F66: =IF(OR(LOOKUP(A66,characters!A:A,characters!B:B)=-1, LOOKUP(A66,characters!A:A,characters!B:B)+0.1>=B66),1,0)
A67: Miyabi | B67: 0.2 | D67: =IF(F67=1,1.0,0) | F67: =IF(OR(LOOKUP(A67,characters!A:A,characters!B:B)=-1, LOOKUP(A67,characters!A:A,characters!B:B)+0.1>=B67),1,0)
A68: Nicole | B68: 0 | C68: =IF(F68=1,1.0,0) | D68: =IF(F68=1,1.0,0) | F68: =IF(OR(LOOKUP(A68,characters!A:A,characters!B:B)=-1, LOOKUP(A68,characters!A:A,characters!B:B)+0.1>=B68),1,0)
A69: Rina | B69: 0 | C69: =IF(F69=1,1.0,0) | D69: =IF(F69=1,0.99,0) | F69: =IF(OR(LOOKUP(A69,characters!A:A,characters!B:B)=-1, LOOKUP(A69,characters!A:A,characters!B:B)+0.1>=B69),1,0)
A70: Seth | B70: 0 | C70: =IF(F70=1,1.0,0) | E70: =IF(F70=1,1.0,0) | F70: =IF(OR(LOOKUP(A70,characters!A:A,characters!B:B)=-1, LOOKUP(A70,characters!A:A,characters!B:B)+0.1>=B70),1,0)
A71: Soukaku | B71: 0 | C71: =IF(F71=1,1.0,0) | D71: =IF(F71=1,1.0,0) | F71: =IF(OR(LOOKUP(A71,characters!A:A,characters!B:B)=-1, LOOKUP(A71,characters!A:A,characters!B:B)+0.1>=B71),1,0)
A78: Branch & Blade Song (2)
A79: substats | B79: priority | C79: CRIT Rate | D79: CRIT DMG | E79: ATK% | F79: PEN | G79: ATK | H79: Anomaly Proficiency
A80: combined | C80: =IF(SUM(I81:I82)=0,0,SUM(C81:C82)/SUM(I81:I82)) | D80: =IF(SUM(I81:I82)=0,0,SUM(D81:D82)/SUM(I81:I82)) | E80: =IF(SUM(I81:I82)=0,0,SUM(E81:E82)/SUM(I81:I82)) | F80: =IF(SUM(I81:I82)=0,0,SUM(F81:F82)/SUM(I81:I82)) | G80: =IF(SUM(I81:I82)=0,0,SUM(G81:G82)/SUM(I81:I82)) | H80: =IF(SUM(I81:I82)=0,0,SUM(H81:H82)/SUM(I81:I82))
A81: Miyabi | B81: 0 | C81: =IF(I81=1,1.0,0) | D81: =IF(I81=1,0.99,0) | E81: =IF(I81=1,0.99,0) | F81: =IF(I81=1,0.89,0) | G81: =IF(I81=1,0.89,0) | H81: =IF(I81=1,0.89,0) | I81: =IF(OR(LOOKUP(A81,characters!A:A,characters!B:B)=-1, LOOKUP(A81,characters!A:A,characters!B:B)+0.1>=B81),1,0)
A82: Harumasa | B82: 0.3 | C82: =IF(I82=1,1.0,0) | D82: =IF(I82=1,1.0,0) | E82: =IF(I82=1,1.0,0) | F82: =IF(I82=1,0.9,0) | G82: =IF(I82=1,0.9,0) | I82: =IF(OR(LOOKUP(A82,characters!A:A,characters!B:B)=-1, LOOKUP(A82,characters!A:A,characters!B:B)+0.1>=B82),1,0)
A84: Disk 4 (main stat) | B84: priority | C84: CRIT DMG | D84: CRIT Rate | E84: ATK%
A85: combined | C85: =IF(SUM(F86:F87)=0,0,SUM(C86:C87)/SUM(F86:F87)) | D85: =IF(SUM(F86:F87)=0,0,SUM(D86:D87)/SUM(F86:F87)) | E85: =IF(SUM(F86:F87)=0,0,SUM(E86:E87)/SUM(F86:F87))
A86: Harumasa | B86: 0.3 | C86: =IF(F86=1,1.0,0) | D86: =IF(F86=1,0.99,0) | F86: =IF(OR(LOOKUP(A86,characters!A:A,characters!B:B)=-1, LOOKUP(A86,characters!A:A,characters!B:B)+0.1>=B86),1,0)
A87: Miyabi | B87: 0 | D87: =IF(F87=1,1.0,0) | E87: =IF(F87=1,0.99,0) | F87: =IF(OR(LOOKUP(A87,characters!A:A,characters!B:B)=-1, LOOKUP(A87,characters!A:A,characters!B:B)+0.1>=B87),1,0)
A89: Disk 5 (main stat) | B89: priority | C89: Electric DMG% | D89: ATK% | E89: Ice DMG%
A90: combined | C90: =IF(SUM(F91:F92)=0,0,SUM(C91:C92)/SUM(F91:F92)) | D90: =IF(SUM(F91:F92)=0,0,SUM(D91:D92)/SUM(F91:F92)) | E90: =IF(SUM(F91:F92)=0,0,SUM(E91:E92)/SUM(F91:F92))
A91: Harumasa | B91: 0.3 | C91: =IF(F91=1,1.0,0) | D91: =IF(F91=1,0.99,0) | F91: =IF(OR(LOOKUP(A91,characters!A:A,characters!B:B)=-1, LOOKUP(A91,characters!A:A,characters!B:B)+0.1>=B91),1,0)
A92: Miyabi | B92: 0 | D92: =IF(F92=1,1.0,0) | E92: =IF(F92=1,1.0,0) | F92: =IF(OR(LOOKUP(A92,characters!A:A,characters!B:B)=-1, LOOKUP(A92,characters!A:A,characters!B:B)+0.1>=B92),1,0)
A94: Disk 6 (main stat) | B94: priority | C94: ATK%
A95: combined | C95: =IF(SUM(D96:D97)=0,0,SUM(C96:C97)/SUM(D96:D97))
A96: Harumasa | B96: 0.3 | C96: =IF(D96=1,1.0,0) | D96: =IF(OR(LOOKUP(A96,characters!A:A,characters!B:B)=-1, LOOKUP(A96,characters!A:A,characters!B:B)+0.1>=B96),1,0)
A97: Miyabi | B97: 0 | C97: =IF(D97=1,1.0,0) | D97: =IF(OR(LOOKUP(A97,characters!A:A,characters!B:B)=-1, LOOKUP(A97,characters!A:A,characters!B:B)+0.1>=B97),1,0)
A104: Chaos Jazz (9)
A105: substats | B105: priority | C105: ATK% | D105: ATK | E105: PEN | F105: Anomaly Proficiency | G105: CRIT Rate | H105: CRIT DMG
A106: combined | C106: =IF(SUM(I107:I115)=0,0,SUM(C107:C115)/SUM(I107:I115)) | D106: =IF(SUM(I107:I115)=0,0,SUM(D107:D115)/SUM(I107:I115)) | E106: =IF(SUM(I107:I115)=0,0,SUM(E107:E115)/SUM(I107:I115)) | F106: =IF(SUM(I107:I115)=0,0,SUM(F107:F115)/SUM(I107:I115)) | G106: =IF(SUM(I107:I115)=0,0,SUM(G107:G115)/SUM(I107:I115)) | H106: =IF(SUM(I107:I115)=0,0,SUM(H107:H115)/SUM(I107:I115))
A107: Burnice | B107: 0 | C107: =IF(I107=1,0.9,0) | D107: =IF(I107=1,0.8,0) | E107: =IF(I107=1,0.8,0) | F107: =IF(I107=1,1.0,0) | I107: =IF(OR(LOOKUP(A107,characters!A:A,characters!B:B)=-1, LOOKUP(A107,characters!A:A,characters!B:B)+0.1>=B107),1,0)
A108: Yanagi | B108: 0 | C108: =IF(I108=1,0.9,0) | D108: =IF(I108=1,0.8,0) | E108: =IF(I108=1,0.8,0) | F108: =IF(I108=1,1.0,0) | I108: =IF(OR(LOOKUP(A108,characters!A:A,characters!B:B)=-1, LOOKUP(A108,characters!A:A,characters!B:B)+0.1>=B108),1,0)
A109: Lucy | B109: 0.2 | C109: =IF(I109=1,1.0,0) | D109: =IF(I109=1,0.9,0) | E109: =IF(I109=1,0.9,0) | G109: =IF(I109=1,1.0,0) | H109: =IF(I109=1,1.0,0) | I109: =IF(OR(LOOKUP(A109,characters!A:A,characters!B:B)=-1, LOOKUP(A109,characters!A:A,characters!B:B)+0.1>=B109),1,0)
A110: Nicole | B110: 0.2 | C110: =IF(I110=1,1.0,0) | D110: =IF(I110=1,0.9,0) | E110: =IF(I110=1,0.9,0) | F110: =IF(I110=1,1.0,0) | I110: =IF(OR(LOOKUP(A110,characters!A:A,characters!B:B)=-1, LOOKUP(A110,characters!A:A,characters!B:B)+0.1>=B110),1,0)
A111: Rina | B111: 0.2 | C111: =IF(I111=1,0.9,0) | D111: =IF(I111=1,0.8,0) | E111: =IF(I111=1,0.8,0) | F111: =IF(I111=1,1.0,0) | I111: =IF(OR(LOOKUP(A111,characters!A:A,characters!B:B)=-1, LOOKUP(A111,characters!A:A,characters!B:B)+0.1>=B111),1,0)
A112: Seth | B112: 0.2 | C112: =IF(I112=1,1.0,0) | D112: =IF(I112=1,0.8,0) | E112: =IF(I112=1,0.7,0) | F112: =IF(I112=1,0.9,0) | I112: =IF(OR(LOOKUP(A112,characters!A:A,characters!B:B)=-1, LOOKUP(A112,characters!A:A,characters!B:B)+0.1>=B112),1,0)
A113: Soukaku | B113: 0.2 | C113: =IF(I113=1,1.0,0) | D113: =IF(I113=1,0.9,0) | E113: =IF(I113=1,0.9,0) | G113: =IF(I113=1,1.0,0) | H113: =IF(I113=1,1.0,0) | I113: =IF(OR(LOOKUP(A113,characters!A:A,characters!B:B)=-1, LOOKUP(A113,characters!A:A,characters!B:B)+0.1>=B113),1,0)
A114: Lighter | B114: 0.6 | C114: =IF(I114=1,1.0,0) | D114: =IF(I114=1,0.9,0) | E114: =IF(I114=1,0.8,0) | F114: =IF(I114=1,1.0,0) | G114: =IF(I114=1,1.0,0) | H114: =IF(I114=1,1.0,0) | I114: =IF(OR(LOOKUP(A114,characters!A:A,characters!B:B)=-1, LOOKUP(A114,characters!A:A,characters!B:B)+0.1>=B114),1,0)
A115: Grace | B115: 1 | C115: =IF(I115=1,0.9,0) | D115: =IF(I115=1,0.8,0) | E115: =IF(I115=1,0.8,0) | F115: =IF(I115=1,1.0,0) | I115: =IF(OR(LOOKUP(A115,characters!A:A,characters!B:B)=-1, LOOKUP(A115,characters!A:A,characters!B:B)+0.1>=B115),1,0)
A117: Disk 4 (main stat) | B117: priority | C117: Anomaly Proficiency | D117: ATK% | E117: CRIT Rate | F117: CRIT DMG
A118: combined | C118: =IF(SUM(G119:G127)=0,0,SUM(C119:C127)/SUM(G119:G127)) | D118: =IF(SUM(G119:G127)=0,0,SUM(D119:D127)/SUM(G119:G127)) | E118: =IF(SUM(G119:G127)=0,0,SUM(E119:E127)/SUM(G119:G127)) | F118: =IF(SUM(G119:G127)=0,0,SUM(F119:F127)/SUM(G119:G127))
A119: Burnice | B119: 0 | C119: =IF(G119=1,1.0,0) | G119: =IF(OR(LOOKUP(A119,characters!A:A,characters!B:B)=-1, LOOKUP(A119,characters!A:A,characters!B:B)+0.1>=B119),1,0)
A120: Grace | B120: 1 | C120: =IF(G120=1,1.0,0) | D120: =IF(G120=1,0.9,0) | G120: =IF(OR(LOOKUP(A120,characters!A:A,characters!B:B)=-1, LOOKUP(A120,characters!A:A,characters!B:B)+0.1>=B120),1,0)
A121: Lighter | B121: 0.6 | C121: =IF(G121=1,0.99,0) | E121: =IF(G121=1,1.0,0) | F121: =IF(G121=1,0.99,0) | G121: =IF(OR(LOOKUP(A121,characters!A:A,characters!B:B)=-1, LOOKUP(A121,characters!A:A,characters!B:B)+0.1>=B121),1,0)
A122: Lucy | B122: 0.2 | D122: =IF(G122=1,1.0,0) | E122: =IF(G122=1,0.9,0) | G122: =IF(OR(LOOKUP(A122,characters!A:A,characters!B:B)=-1, LOOKUP(A122,characters!A:A,characters!B:B)+0.1>=B122),1,0)
A123: Nicole | B123: 0.2 | C123: =IF(G123=1,1.0,0) | D123: =IF(G123=1,1.0,0) | G123: =IF(OR(LOOKUP(A123,characters!A:A,characters!B:B)=-1, LOOKUP(A123,characters!A:A,characters!B:B)+0.1>=B123),1,0)
A124: Rina | B124: 0.2 | C124: =IF(G124=1,1.0,0) | D124: =IF(G124=1,1.0,0) | G124: =IF(OR(LOOKUP(A124,characters!A:A,characters!B:B)=-1, LOOKUP(A124,characters!A:A,characters!B:B)+0.1>=B124),1,0)
A125: Seth | B125: 0.2 | C125: =IF(G125=1,0.99,0) | D125: =IF(G125=1,1.0,0) | G125: =IF(OR(LOOKUP(A125,characters!A:A,characters!B:B)=-1, LOOKUP(A125,characters!A:A,characters!B:B)+0.1>=B125),1,0)
A126: Soukaku | B126: 0.2 | D126: =IF(G126=1,1.0,0) | E126: =IF(G126=1,0.9,0) | G126: =IF(OR(LOOKUP(A126,characters!A:A,characters!B:B)=-1, LOOKUP(A126,characters!A:A,characters!B:B)+0.1>=B126),1,0)
A127: Yanagi | B127: 0 | C127: =IF(G127=1,1.0,0) | G127: =IF(OR(LOOKUP(A127,characters!A:A,characters!B:B)=-1, LOOKUP(A127,characters!A:A,characters!B:B)+0.1>=B127),1,0)
A129: Disk 5 (main stat) | B129: priority | C129: Fire DMG% | D129: PEN Ratio% | E129: Electric DMG% | F129: ATK% | G129: Ether DMG% | H129: Ice DMG%
A130: combined | C130: =IF(SUM(I131:I139)=0,0,SUM(C131:C139)/SUM(I131:I139)) | D130: =IF(SUM(I131:I139)=0,0,SUM(D131:D139)/SUM(I131:I139)) | E130: =IF(SUM(I131:I139)=0,0,SUM(E131:E139)/SUM(I131:I139)) | F130: =IF(SUM(I131:I139)=0,0,SUM(F131:F139)/SUM(I131:I139)) | G130: =IF(SUM(I131:I139)=0,0,SUM(G131:G139)/SUM(I131:I139)) | H130: =IF(SUM(I131:I139)=0,0,SUM(H131:H139)/SUM(I131:I139))
A131: Burnice | B131: 0 | C131: =IF(I131=1,1.0,0) | D131: =IF(I131=1,0.99,0) | I131: =IF(OR(LOOKUP(A131,characters!A:A,characters!B:B)=-1, LOOKUP(A131,characters!A:A,characters!B:B)+0.1>=B131),1,0)
A132: Grace | B132: 1 | D132: =IF(I132=1,0.9,0) | E132: =IF(I132=1,1.0,0) | F132: =IF(I132=1,0.9,0) | I132: =IF(OR(LOOKUP(A132,characters!A:A,characters!B:B)=-1, LOOKUP(A132,characters!A:A,characters!B:B)+0.1>=B132),1,0)
A133: Lighter | B133: 0.6 | C133: =IF(I133=1,1.0,0) | D133: =IF(I133=1,1.0,0) | F133: =IF(I133=1,1.0,0) | I133: =IF(OR(LOOKUP(A133,characters!A:A,characters!B:B)=-1, LOOKUP(A133,characters!A:A,characters!B:B)+0.1>=B133),1,0)
A134: Lucy | B134: 0.2 | F134: =IF(I134=1,1.0,0) | I134: =IF(OR(LOOKUP(A134,characters!A:A,characters!B:B)=-1, LOOKUP(A134,characters!A:A,characters!B:B)+0.1>=B134),1,0)
A135: Nicole | B135: 0.2 | F135: =IF(I135=1,0.9,0) | G135: =IF(I135=1,1.0,0) | I135: =IF(OR(LOOKUP(A135,characters!A:A,characters!B:B)=-1, LOOKUP(A135,characters!A:A,characters!B:B)+0.1>=B135),1,0)
A136: Rina | B136: 0.2 | D136: =IF(I136=1,1.0,0) | I136: =IF(OR(LOOKUP(A136,characters!A:A,characters!B:B)=-1, LOOKUP(A136,characters!A:A,characters!B:B)+0.1>=B136),1,0)
A137: Seth | B137: 0.2 | E137: =IF(I137=1,0.99,0) | F137: =IF(I137=1,1.0,0) | I137: =IF(OR(LOOKUP(A137,characters!A:A,characters!B:B)=-1, LOOKUP(A137,characters!A:A,characters!B:B)+0.1>=B137),1,0)
A138: Soukaku | B138: 0.2 | F138: =IF(I138=1,1.0,0) | H138: =IF(I138=1,0.9,0) | I138: =IF(OR(LOOKUP(A138,characters!A:A,characters!B:B)=-1, LOOKUP(A138,characters!A:A,characters!B:B)+0.1>=B138),1,0)
A139: Yanagi | B139: 0 | D139: =IF(I139=1,0.99,0) | E139: =IF(I139=1,1.0,0) | I139: =IF(OR(LOOKUP(A139,characters!A:A,characters!B:B)=-1, LOOKUP(A139,characters!A:A,characters!B:B)+0.1>=B139),1,0)
A141: Disk 6 (main stat) | B141: priority | C141: ATK% | D141: Anomaly Mastery | E141: Impact | F141: Energy Regen
A142: combined | C142: =IF(SUM(G143:G151)=0,0,SUM(C143:C151)/SUM(G143:G151)) | D142: =IF(SUM(G143:G151)=0,0,SUM(D143:D151)/SUM(G143:G151)) | E142: =IF(SUM(G143:G151)=0,0,SUM(E143:E151)/SUM(G143:G151)) | F142: =IF(SUM(G143:G151)=0,0,SUM(F143:F151)/SUM(G143:G151))
A143: Burnice | B143: 0 | C143: =IF(G143=1,1.0,0) | D143: =IF(G143=1,1.0,0) | G143: =IF(OR(LOOKUP(A143,characters!A:A,characters!B:B)=-1, LOOKUP(A143,characters!A:A,characters!B:B)+0.1>=B143),1,0)
A144: Grace | B144: 1 | C144: =IF(G144=1,1.0,0) | D144: =IF(G144=1,1.0,0) | G144: =IF(OR(LOOKUP(A144,characters!A:A,characters!B:B)=-1, LOOKUP(A144,characters!A:A,characters!B:B)+0.1>=B144),1,0)
...

Sheet characters
A1: Anby | B1: -1 | E1: Explanation:
A2: Anby: Silver Soldier | B2: -1 | E2: -1 show all
A3: Anton | B3: -1 | E3: -2 do not show anything for character
A4: Astra Yao | B4: -1 | E4: 0 show only priority 0 for character (=show only recommended sets)
A5: Ben | B5: -1 | E5: <n> show only priority 0 to <n> for character
A6: Billy | B6: -1
A7: Burnice | B7: -1
A8: Caesar | B8: -1
A9: Corin | B9: -1
A10: Ellen | B10: -1
A11: Evelyn | B11: -1
A12: Grace | B12: -1
A13: Harumasa | B13: -1
A14: Jane Doe | B14: -1
A15: Koleda | B15: -1
A16: Lighter | B16: -1
A17: Lucy | B17: -1
... A31: Zhu Yuan | B31: -1
